Workbook

Sheet Cover
A1: This document is the property of Larsen & Toubro Limited, ECC Division - EDRC and must not be passed on to any third person or firm not authorised by us, nor be copied/made use of in full or part by such person or firm without our prior permission writing
AH6: Date:
AH7: Prepared by:
AH8: Checked by:
AH9: Approved by:
AH10: Rev:
AH11: Project:
AH12: Client:
AH13: Consultant:
AH14: Document No:
AH15: Location:
B28: =H39 -> 00-01-00 | F28: =UPPER(AE43) -> 0 | I28: FOR APPROVAL
Z29: =AI7 -> 0 | AB29: =AI8 -> 0 | AD29: =AI9 -> 0
B30: DATE | F30: REV. NO. | I30: DESCRIPTION | Z30: PREPARED | AB30: CHECKED | AD30: APPROVED
B33: CLIENT | F33: =UPPER(AI12)
B34: CONSULTANT | F34: =UPPER(AI13)
B35: PROJECT | F35: =UPPER(AI11)
B36: SUPPLIER/ CONTRACTOR | F36: L&T CONSTRUCTION - WATER & EFFLUENT TREATMENT IC
B37: JOB NO | D37: =LEFT(AI14,8) | J37: TITLE :
D38: NAME | F38: SIGN | H38: DATE | J38: ="INSTRUMENT LIST FOR "&UPPER(AI15) -> INSTRUMENT LIST FOR
B39: PRED | D39: =Z29 -> 0 | H39: =TEXT(AI6,"DD-MM-YY") -> 00-01-00
B40: CHKD | D40: =AB29 -> 0 | H40: =H39+1 -> #VALUE!
B41: APPD | D41: =AD29 -> 0 | H41: =H40 -> #VALUE!
AB42: SIZE | AD42: REV.
B43: DOC.No. | AC43: A3 | AE43: =AI10 -> 0
B47: RELEASED FOR | H47: PRELIMINARY | O47: TENDER | S47: INFORMATION | W47: ✓ | X47: APPROVAL | AC47: CONSTRUCTION

Sheet Instrument List
C1: LARSEN & TOUBRO CONSTRUCTION WATER & EFFLUENT TREATMENT | E1: ="PROJECT : "&Cover!F35 -> PROJECT : | Q1: LTCD-WET-EDRC-C&I
A2: CLIENT : | C2: =_xlfn.SINGLE(Cover!F33) | E2: ="DOCUMENT NAME: "&Cover!J38 -> DOCUMENT NAME: INSTRUMENT LIST FOR | Q2: ="DATE : "&Cover!H39 -> DATE : 00-01-00
A3: CONSULTANT : | C3: =_xlfn.SINGLE(Cover!F34) | E3: ="DOCUMENT NO: "&_xlfn.CONCAT(Cover!D43:AA43)&"_ Rev. "&Cover!AE43 -> DOCUMENT NO: _ Rev. 0 | Q3: REF DOC NO :
A4: SL.NO | B4: CODE | C4: TAG NO. | D4: INSTRUMENT | E4: SERVICE DESCRIPTION | F4: LINE SIZE (mm) | G4: MEDIUM | H4: TYPE & SPECIFICATION | J4: PROCESS CONNECTION | K4: WORKING VALUE | N4: DESIGN VALUE | Q4: SET POINT | R4: INSTRUMENT RANGE | S4: UOM | T4: REMARKS | U4: =UPPER("Velocity")&" (m/s)" -> VELOCITY (m/s) | V4: =UPPER("FM Size")&" (mm)" -> FM SIZE (mm)
K5: PRESSURE (Kg/cm2) | L5: FLOW (m3/hr) | M5: LEVEL (m) | N5: PRESSURE (Kg/cm2) | O5: FLOW (m3/hr) | P5: FREE BOARD (m)
