Workbook

Sheet Cover
A1: This document is the property of Larsen & Toubro Limited, ECC Division - EDRC and must not be passed on to any third person or firm not authorised by us, nor be copied/made use of in full or part by such person or firm without our prior permission writing
AH6: Date:
AH7: Prepared by:
AH8: Checked by:
AH9: Approved by:
AH10: Rev:
AH11: Project:
AH12: Client:
AH13: Consultant:
AH14: Document No:
AH15: Location:
B28: =H39+0*NOW() -> #VALUE! | F28: =UPPER(AE43)&T(NOW()) | I28: FOR APPROVAL
Z29: =AI7&T(NOW()) | AB29: =AI8&T(NOW()) | AD29: =AI9&T(NOW())
B30: DATE | F30: REV. NO. | I30: DESCRIPTION | Z30: PREPARED | AB30: CHECKED | AD30: APPROVED
B31: #VALUE!
B33: CLIENT | F33: =UPPER(AI12)&T(NOW())
B34: CONSULTANT | F34: =UPPER(AI13)&T(NOW())
B35: PROJECT | F35: =UPPER(AI11)&T(NOW())
B36: SUPPLIER/ CONTRACTOR | F36: L&T CONSTRUCTION - WATER & EFFLUENT TREATMENT IC
B37: JOB NO | D37: =LEFT(AI14,8)&T(NOW()) | J37: TITLE :
D38: NAME | F38: SIGN | H38: DATE | J38: ="INSTRUMENT LIST FOR "&UPPER(AI15)&T(NOW()) -> INSTRUMENT LIST FOR
B39: PRED | D39: =Z29&T(NOW()) | H39: =TEXT(AI6,"DD-MM-YY")+0*NOW() -> #VALUE!
B40: CHKD | D40: =AB29&T(NOW()) | H40: =H39+1+0*NOW() -> #VALUE!
B41: APPD | D41: =AD29&T(NOW()) | H41: =H40+0*NOW() -> #VALUE!
AB42: SIZE | AD42: REV.
B43: DOC.No. | D43: {=TRANSPOSE(MID(AI14,_xlfn.SEQUENCE(LEN(AI14)),1))&T(NOW())} -> #VALUE! | AC43: A3 | AE43: =AI10&T(NOW())
B47: RELEASED FOR | H47: PRELIMINARY | N47: TENDER | S47: INFORMATION | W47: ✓ | X47: APPROVAL | AC47: CONSTRUCTION

Sheet IO List
A1: #VALUE! | D1: ="PROJECT: "&Cover!AI11&T(NOW()) -> PROJECT: | L1: LTCD-WET-EDRC-C&I
A2: CLIENT | B2: =Cover!AI12&T(NOW()) | D2: ="DOCUMENT NAME: "&_xlfn.SINGLE(Cover!J38)&T(NOW()) -> DOCUMENT NAME: INSTRUMENT LIST FOR | L2: ="DATE: "&TEXT(Cover!AI6,"dd-mmm-yyyy")&T(NOW()) -> DATE: 00-Jan-1900
A3: ="CONSULTANT: "&Cover!AI13&T(NOW()) -> CONSULTANT: | D3: ="DOCUMENT NO: "&Cover!AI14&" REV "&Cover!AI10&T(NOW()) -> DOCUMENT NO: REV | L3: Ref:
A4: S. NO | B4: INSTRUMENT TAG NO. | C4: INSTRUMENT DESCRIPTION | D4: SERVICE DESCRIPTION | E4: SIGNAL TYPE | F4: SOURCE | G4: TARGET | H4: SIGNAL TYPE | L4: RTD SIGNAL | M4: ALARM ANNUNCIATION SIGNAL | N4: REMARKS
D5: SERVICE DESCRIPTION | E5: SIGNAL TYPE | F5: REF. P&ID NO | G5: REF. P&ID NO | H5: DI | I5: DO | J5: AI | K5: AO
